<?xml version="1.0" encoding="UTF-8"?>
<beans xmlns="http://www.springframework.org/schema/beans"
	xmlns:xsi="http://www.w3.org/2001/XMLSchema-instance"
	xmlns:context="http://www.springframework.org/schema/context"
	xsi:schemaLocation="http://www.springframework.org/schema/beans http://www.springframework.org/schema/beans/spring-beans.xsd
		http://www.springframework.org/schema/context http://www.springframework.org/schema/context/spring-context-4.3.xsd">
	
	<context:property-placeholder location="classpath:data/db.properties"/>
	

<bean id="dbcp" class="org.apache.commons.dbcp2.BasicDataSource">
	<property name="driverClassName" value="${oracle.driver}"/>
	<property name="url" value="${oracle.url}"/>
	<property name="username" value="${oracle.user}"/>
	<property name="password" value="${oracle.pw}"/>
</bean>
<bean id="factory" class="org.mybatis.spring.SqlSessionFactoryBean">
	<property name="dataSource" ref="dbcp"/>
	<property name="mapperLocations" value="classpath:sqlmap/*.xml"/>
</bean>
<bean class="org.mybatis.spring.SqlSessionTemplate">
<!-- 	<constructor-arg name="sqlSessionFactory" ref="factory"/> -->
	<constructor-arg index="0" ref="factory"/>
	<qualifier value="test"/>
</bean>



</beans>
